{"camera":{"position":{"x":2.406666899755944,"y":-26.154669242725028,"z":111.86572884842897}},"light":{"type":"new THREE.AmbientLight()","color":"ffffff","intensity":0.22},"controls":{"type":"1","atr1":"[45,false]","atr2":"[0,false]","atr3":"[0,false]"},"composer":{"DarkNight":false,"WhiteCurtain":false,"Restoring":false,"Pixel":false,"Luminous":false,"DarkNightV":0,"WhiteCurtainV":26,"RestoringV":50,"PixelV":30,"LuminousV":27},"background":{"lightBGC":"f7efef","lightGlobalC":"565656","lightBGI":1.76,"lightGlobalI":1.06,"fogColor":"234123","fogInten":0,"enable2D":true},"lightCount":{"directionC":6,"spotC":0,"hemisphereC":0},"traceCamera":{},"AmbientLight":{"color":"545454","intensity":1.8},"labels":{"F17526BE-98B8-4C79-A3D7-71B1E4995706":{"title":"请输入内容","normal":{"x":-0.772150388030251,"y":0.3645835809074031,"z":0.5204446087697207}},"1DC68C06-4FA6-44E6-A412-59B799894B72":{"title":"请输入内12313容","normal":{"x":0.29620632649267514,"y":-0.9098970789552328,"z":0.29042919594016264}},"26C99F4A-00EB-44F7-B611-011714D867D7":{"title":"121232131313","cameraPosition":{"TX":0.7690076295388905,"TY":0,"TZ":0,"PX":-34.466310770085514,"PY":55.32377530195323,"PZ":88.53287527622348},"normal":{"x":-0.8496228304948785,"y":0.2812567491896677,"z":0.4461341580030958}},"933EAD3D-61FB-4140-B094-056D0E4D251E":{"title":"1213","normal":{"x":0.7945342041416249,"y":-0.16431377249840917,"z":0.5845651226479184}}}}